imgID,R,G,B,L
1,220.202096296296,209.477455555556,205.770662962963,84.1959389172693
2,224.223055555555,209.635125925926,185.501751851852,84.26346911452
3,228.507333333333,213.068881481482,197.702585185185,86.0032160558161
4,241.6334,235.246888888889,224.08042962963,93.1234388719693
5,233.14667037037,221.685714814815,203.758633333333,88.5667070896051
6,241.700688888889,234.822918518519,227.331188888889,93.2707476894857
7,231.251285185185,211.45102962963,195.076322222222,85.7437388805984
8,230.364255555556,218.267518518519,205.17507037037,87.2945200672402
9,232.070888888889,216.652388888889,201.2447,87.1514326479211
10,235.360514814815,227.360366666667,213.76962962963,90.5447642495024
11,241.980125925926,232.602592592593,207.044166666667,92.3505925200705
12,216.015559259259,207.838151851852,191.304425925926,83.0634001016514
13,212.567877777778,191.321511111111,169.601381481481,77.977772380909
14,243.826225925926,236.627544444445,222.833840740741,93.7696296587221
15,239.67817037037,223.601403703704,203.338314814815,89.8280850944142
16,231.443377777778,213.845492592593,198.130418518519,86.3755709133149
17,210.764488888889,185.949807407407,160.755022222222,76.8797844212069
18,225.149392592593,212.812444444445,193.682225925926,85.4264297724494
19,236.933103703704,226.098122222222,213.87197037037,90.3605442328659
20,231.082603703704,212.621714814815,188.195388888889,85.8665597025651
21,246.156955555556,225.426788888889,227.67477037037,91.8353177146557
22,238.318485185185,221.448785185185,186.011985185185,88.9640843753322
23,229.752911111111,215.786466666667,200.357874074074,86.6281115973128
24,237.950762962963,227.837792592593,217.216607407407,90.8212434142724
25,226.291174074074,216.194922222222,212.551062962963,87.0348330386426
26,240.671822222222,218.454088888889,165.623814814815,88.2319323034905
27,228.551785185185,219.525462962963,198.217625925926,87.4312852143904
28,230.415522222222,220.993285185185,214.040340740741,88.2948010250307
29,214.292388888889,199.70152962963,173.978244444444,80.5234332314713
30,231.086585185185,212.687988888889,188.667337037037,85.9698897331781
31,242.689322222222,238.060522222222,230.73662962963,94.0384921417603
32,205.8006,176.317555555556,148.889348148148,73.3848370332278
33,232.182151851852,225.755218518519,210.883362962963,89.760545693455
34,231.769207407407,217.87617037037,204.482866666667,87.4915406998683
35,238.261518518519,232.753133333333,222.796459259259,92.224033965728
36,226.112862962963,222.165737037037,213.557911111111,88.0221519482546
37,224.732359259259,204.957048148148,188.700111111111,83.3998392724377
38,234.046337037037,225.745488888889,214.159877777778,89.6212949096452
39,242.140485185185,232.662303703704,217.434285185185,92.5700119873508
40,218.030618518519,201.905925925926,186.742474074074,81.4896558157311
41,206.442281481481,198.14667037037,185.634414814815,79.2070218927327
42,233.080374074074,221.833485185185,221.096044444444,88.8034520505154
43,245.816162962963,226.076507407407,162.769114814815,90.5795528816399
44,241.97977037037,236.37617037037,228.174722222222,93.4940066874088
45,206.768825925926,193.444144444444,168.1402,77.9905601712774
46,236.773455555556,224.326525925926,198.608181481481,89.6130989671434
47,234.398955555556,215.853603703704,189.506048148148,87.1322170753605
48,225.469518518518,207.606522222222,178.779862962963,83.8179285994711
49,221.546081481481,209.746385185185,205.634555555556,83.9751836387699
50,222.691766666667,203.613559259259,183.986959259259,82.599396820158
51,226.266981481481,216.113044444444,199.440296296296,86.5130199669077
52,221.637525925926,199.60527037037,174.717081481481,81.2689750909892
53,230.338377777778,209.626933333333,185.39507037037,84.9855548964108
54,230.317233333333,217.095607407407,192.581888888889,86.9806132201789
55,210.184577777778,175.108888888889,166.413762962963,74.6472024851681
56,230.325433333333,221.73747037037,215.9782,88.2859399114358
57,219.575303703704,211.099451851852,193.704033333333,84.3195891449959
58,233.422385185185,221.863414814815,204.117711111111,88.6779029956252
59,212.601351851852,198.902051851852,181.707014814815,80.0570177334033
60,233.02332962963,218.918403703704,196.226703703704,87.8391106756936
61,217.738881481481,194.702925925926,183.2717,80.0325276892128
62,231.827648148148,219.497414814815,207.432437037037,87.8663861084001
63,235.200085185185,226.835807407407,220.049166666667,90.2893909268881
64,236.109440740741,234.422496296296,216.617411111111,92.2429962379794
65,222.019862962963,211.215914814815,185.582511111111,84.40029245866
66,228.016977777778,204.47902962963,177.90227037037,83.3319623430655
67,228.945522222222,220.155659259259,202.818633333333,87.7289139325334
68,222.721862962963,203.222114814815,187.400314814815,82.5535159379574
69,231.089803703704,215.682885185185,191.383751851852,86.6373812248369
70,243.692159259259,237.458762962963,224.141840740741,93.9902413942618
71,239.094714814815,231.21037037037,209.720744444444,91.736418946088
72,225.051766666667,210.952637037037,195.053596296296,84.8167549010263
73,237.482414814815,230.123181481481,214.445337037037,91.4102323397192
74,205.973988888889,197.97622962963,195.076896296296,79.1245234981817
75,229.091818518519,210.880277777778,195.231822222222,85.3293596444173
76,237.850766666667,229.7443,217.034077777778,91.4190615652425
77,239.229648148148,230.744422222222,213.857251851852,91.6390833466301
78,234.001433333333,220.606492592593,207.365781481481,88.4118449380785
79,222.767307407407,212.900837037037,206.303085185185,84.8524757101813
80,241.8799,231.539851851852,216.649044444444,92.1743669153158
81,230.92702962963,212.896733333333,187.214492592593,85.9724060115283
82,226.726892592593,215.3494,194.420237037037,86.2485931534547
83,221.303485185185,211.5066,207.337811111111,84.344709409101
84,232.663366666667,225.3264,210.749925925926,89.6616333377703
85,225.909674074074,206.057666666667,193.122377777778,83.7978371793704
86,236.011966666667,220.893862962963,200.992777777778,88.7701819693659
87,223.286288888889,209.11392962963,188.684481481482,84.1208153432383
88,222.0952,211.404422222222,204.146240740741,84.7754260774305
89,229.015514814815,202.398222222222,187.367851851852,83.7855864575852
90,232.692596296296,223.939966666667,211.016548148148,89.1618909159487
91,231.324514814815,211.111925925926,188.376314814815,85.5694551849492
92,242.662940740741,227.70252962963,196.131222222222,91.1110852423741
93,212.625351851852,187.828759259259,178.133451851852,77.7633697552259
94,243.745288888889,239.157314814815,235.405933333333,94.7245000292709
95,225.511714814815,213.138085185185,207.214614814815,85.8624170664175
96,223.744855555556,208.222059259259,190.899051851852,83.8432943006344
97,195.692644444444,183.59317037037,168.92712962963,73.9253958731784
98,229.244140740741,216.796988888889,195.348944444444,86.9528937902851
99,228.399018518518,221.835125925926,211.244525925926,88.3365076580596
100,212.79622962963,209.737725925926,209.198748148148,83.1536095471558
101,234.392659259259,231.396951851852,226.88712962963,91.2708753828275
102,242.661011111111,243.689955555556,240.363340740741,95.7635521161335
103,226.413511111111,205.373074074074,199.760314814815,83.9344408387515
104,244.397725925926,231.58552962963,203.947466666667,92.3547170150118
105,231.943188888889,211.231074074074,190.760774074074,85.6760106244952
106,195.295644444444,163.75657037037,154.613781481481,68.9485275057637
107,211.284196296296,202.555433333333,200.890696296296,80.8774704337773
108,236.901259259259,214.991218518518,189.073674074074,87.249538253658
109,228.630974074074,211.481348148148,167.359840740741,84.9198641138783
110,230.257825925926,215.939066666667,184.569088888889,86.4434005658793
111,238.515111111111,232.673981481482,228.944255555556,92.214853769237
112,231.2283,229.992403703704,229.286059259259,90.8024349036396
113,244.297966666667,235.758511111111,212.079688888889,93.5145491091776
114,240.337251851852,222.546277777778,206.624785185185,89.7540634710586
115,243.710359259259,235.225455555556,230.358507407407,93.5771641865036
116,231.487533333333,223.854811111111,218.143281481481,88.962236510979
117,242.720503703704,225.239085185185,196.600944444444,90.558167685054
118,238.908655555556,227.220633333333,216.094551851852,90.8124259745877
119,240.868811111111,223.05452962963,202.6496,89.8867617980941
120,244.170507407407,226.092925925926,203.564033333333,90.9578649453405
121,241.824925925926,230.59102962963,217.331840740741,91.9505554812974
122,235.540674074074,222.843977777778,193.680155555556,88.9809315835783
123,248.051559259259,246.067514814815,243.564925925926,96.908222901112
124,244.427122222222,241.113814814815,227.643892592593,95.2178051294576
125,233.642818518518,233.168048148148,226.704066666667,92.0658392094478
126,215.7277,192.312051851852,168.230407407407,78.7869761761854
127,201.495474074074,189.87512962963,183.791755555556,75.9651117765201
128,235.053166666667,226.200637037037,221.721766666667,90.3824835448594
129,218.5497,196.266355555556,182.79207037037,80.4319088720294
130,239.940644444444,234.521937037037,224.427055555556,92.8129918618702
131,219.935996296296,194.952314814815,162.363159259259,79.8855839962839
132,233.748444444444,222.715862962963,197.658111111111,88.8169943030043
133,234.072592592593,214.389285185185,203.67647037037,87.1693997708331
134,233.039818518519,219.986803703704,203.065248148148,88.1152089700065
135,215.705422222222,199.328881481481,177.362159259259,80.6091426548831
136,231.385133333333,225.913540740741,211.260633333333,89.5403588912097
137,235.596192592593,223.724274074074,213.428074074074,89.4186546935882
138,221.081248148148,225.831714814815,206.287522222222,88.8273438785137
139,221.89862962963,214.391892592593,207.001503703704,85.1410443463237
140,225.786892592593,215.802959259259,208.415466666667,86.2692849152536
141,234.212044444444,208.694414814815,187.429848148148,85.6312085989032
142,228.299040740741,204.456944444444,180.764848148148,83.5545751992844
143,215.891240740741,195.539033333333,177.243351851852,79.6822708669921
144,219.844614814815,200.664633333333,183.479592592593,81.4723301672414
145,231.567696296296,210.477440740741,191.054633333333,85.6560449351014
146,242.953496296296,228.415333333333,203.3177,91.3762603396481
147,237.128222222222,225.726059259259,223.239396296296,90.4227707177961
148,240.700507407407,220.849611111111,192.7112,89.0518475420478
149,225.942218518519,180.648325925926,148.457092592593,77.1708414097935
150,227.759177777778,224.102914814815,218.988918518519,89.0269376075358
151,241.193903703704,224.897437037037,187.470951851852,89.9973958045689
152,232.926840740741,205.275440740741,169.15117037037,84.081651753364
153,235.75027037037,223.058911111111,215.043151851852,89.4272803901025
154,230.843148148148,215.923281481481,204.736803703704,86.9781475285612
155,237.518407407407,227.407314814815,210.321096296296,90.4945046726717
156,241.581185185185,221.234507407407,201.485144444444,89.5262009653273
157,198.883511111111,170.1025,123.753666666667,71.6854508305654
158,240.114377777778,223.642777777778,199.765466666667,89.6020659294131
159,197.329748148148,181.536988888889,176.506477777778,73.7430847305522
160,225.912862962963,218.56677037037,216.687185185185,86.9625437266688
161,229.495648148148,223.318425925926,216.838081481481,88.5232851490474
162,175.828844444444,170.449585185185,170.038607407407,67.7960950114766
163,194.470577777778,175.139051851852,168.054074074074,71.7083334534436
164,230.836774074074,221.049474074074,210.533777777778,88.1437977484984
165,225.317955555556,214.999707407407,210.162355555556,85.8754700432214
166,172.567551851852,165.345744444444,163.705092592593,65.6797800941655
167,183.468914814815,170.620977777778,167.364133333333,69.0519194980314
168,234.105851851852,222.37312962963,215.18542962963,88.9329816701173
169,192.852992592593,177.805596296296,172.424551851852,72.3093486125816
170,235.570562962963,230.660907407407,228.13822962963,91.2680354074434
171,225.838885185185,222.008844444444,220.679944444444,87.5924912038402
172,238.078177777778,232.229437037037,229.48592962963,91.9469699481398
173,238.459222222222,234.629877777778,232.747222222222,92.6237035739786
174,204.478103703704,191.206296296296,183.387344444444,76.9808006740959
175,245.393781481482,241.954911111111,226.525148148148,95.3535476494537
176,235.462822222222,218.954396296296,216.680240740741,88.6863031519006
177,242.407581481482,227.46987037037,213.553496296296,91.1923534157494
178,239.681185185185,231.455796296296,222.511874074074,92.0299840186851
179,210.192144444444,193.826733333333,179.006907407407,78.4372677260234
180,240.119981481481,230.448837037037,223.464896296296,91.7318253496866
181,229.859518518518,218.530111111111,203.711755555556,87.3537472837819
182,233.728185185185,230.880155555556,228.577292592593,91.3020161741121
183,246.500262962963,230.846933333333,212.079162962963,92.4329701223547
184,229.436533333333,217.155248148148,204.94587037037,86.9695448641461
185,238.066225925926,220.562592592593,202.88197037037,88.9092974824455
186,239.517907407407,228.71982962963,218.830822222222,91.2241533126183
187,243.599374074074,219.512066666667,207.100203703704,89.5463834712352
188,220.4578,193.576392592593,174.867218518518,79.9856338851648
189,211.252040740741,198.967348148148,187.437492592593,80.0241722884277
190,199.895948148148,186.299866666667,176.397803703704,75.2288513426244
191,221.368203703704,201.390496296296,183.517292592593,81.9421017904364
192,235.551411111111,214.036388888889,197.404074074074,87.0966154871612
193,241.080081481482,230.06032962963,213.878785185185,91.6784173872754
194,218.023318518519,218.78382962963,201.719222222222,86.167501436188
195,242.329581481482,243.653844444444,225.12022962963,95.5068054785316
196,206.006196296296,197.354396296296,175.3604,78.905077321852
197,227.24517037037,202.144411111111,195.569248148148,83.5000809160993
198,223.65782962963,215.853659259259,190.91702962963,86.2056343705864
199,244.756914814815,225.456751851852,215.303337037037,91.3317901191568
200,240.261533333333,228.197455555556,202.091514814815,91.03187405136
201,194.658677777778,195.348214814815,171.040111111111,77.5204794457371
202,200.061351851852,199.171555555556,199.325985185185,78.6461145653183
203,224.25597037037,210.968914814815,202.841022222222,84.9184972907025
204,225.075844444444,209.55872962963,187.369118518519,84.4890696723742
205,234.69972962963,229.598588888889,221.566211111111,90.9426238749413
206,234.499233333333,210.575355555556,207.224118518518,86.5420386647735
207,236.945751851852,222.32802962963,217.782514814815,89.502324925759
208,243.352581481481,230.928885185185,215.165185185185,92.2576005446632
209,194.382207407407,176.692622222222,173.605392592593,72.2077183185788
210,221.178611111111,200.222703703704,200.344096296296,81.9062103516444
211,200.386403703704,192.532311111111,195.237788888889,77.9120556678151
212,226.158066666667,214.341974074074,196.840062962963,86.0225039348455
213,240.480959259259,236.283574074074,222.884648148148,93.4419929871484
214,217.923725925926,202.65282962963,198.649962962963,82.2555526530318
215,226.313933333333,219.814351851852,192.275048148148,87.3995196341279
216,228.954881481481,203.75372962963,184.151355555556,83.5724079868769
217,222.532559259259,217.896466666667,203.950048148148,86.479455263103
218,216.072659259259,201.749744444444,192.279251851852,81.2885817526233
219,236.940559259259,234.579051851852,223.992881481481,92.5962930354841
220,232.438803703704,218.037377777778,193.591122222222,87.5767718452471
221,247.777751851852,236.150540740741,200.482888888889,93.8209332839151
222,219.130407407407,199.355118518519,187.088674074074,81.5005647938802
223,226.3765,207.740251851852,201.075733333333,84.6506136997716
224,204.284585185185,186.762425925926,184.890859259259,76.5550921047691
225,227.461903703704,225.681551851852,215.026066666667,89.099243790904
226,238.889974074074,236.237140740741,230.784377777778,93.2196755731562
227,230.656755555556,218.651237037037,207.1778,87.5881313373798
228,209.730603703704,209.7238,190.847296296296,82.7244363973054
229,215.630496296296,207.42947037037,184.50462962963,82.9540216159326
230,242.721044444444,217.309944444444,187.067733333333,88.5362146509878
231,226.702340740741,202.730481481481,190.344407407407,83.2154624073721
232,177.578688888889,181.550966666667,164.864677777778,71.4264153575296
233,229.463418518519,202.517385185185,195.26052962963,84.0052534239402
234,220.932896296296,199.742540740741,191.633251851852,82.1756784443474
235,233.06632962963,208.093485185185,191.518381481481,85.172953804029
236,224.288003703704,218.802785185185,216.243685185185,86.8088765822338
237,244.841388888889,243.758411111111,238.652048148148,95.9828599374614
238,233.399692592593,229.266651851852,211.574737037037,90.7074454878645
239,238.285944444444,218.642877777778,197.982814814815,88.5426907571381
240,231.999396296296,228.530814814815,215.001488888889,90.4656243868367
241,243.282040740741,236.463888888889,225.625177777778,93.6313176808723
242,224.179066666667,218.207592592593,196.53022962963,86.8195854385876
243,224.162848148148,201.069314814815,190.81787037037,83.0884616145042
244,243.162111111111,237.490811111111,230.78427037037,94.048293771865
245,236.351107407407,213.134562962963,179.092744444444,86.5901308979027
246,223.636533333333,195.611785185185,185.338881481481,81.3544463446448
247,212.764518518519,215.636559259259,206.864307407407,84.5413809201058
248,224.806459259259,224.496444444444,225.375659259259,88.5042028492589
249,227.740374074074,228.878825925926,212.286907407407,90.0598639156083
250,225.751803703704,230.205974074074,219.956911111111,90.176700031314
251,227.642211111111,230.778122222222,209.628088888889,90.6276230200719
252,234.366414814815,236.86237037037,220.153803703704,92.9541364204307
253,220.4769,228.2706,204.946774074074,89.1596375781223
254,231.593918518519,218.161466666667,216.226944444444,88.0185587575441
255,245.8923,229.223211111111,226.338888888889,92.6919719479526
256,244.840307407407,205.061040740741,186.122466666667,86.8244027220348
257,214.500348148148,200.739385185185,199.419940740741,80.9562024676282
258,240.773203703704,237.853218518519,230.853314814815,94.2619575650554
259,218.695496296296,192.047703703704,203.066840740741,79.7484257235233
260,229.497492592593,228.931940740741,221.561637037037,89.9613923296708
261,246.434914814815,242.048607407407,231.333162962963,95.5531227578275
262,227.524707407407,234.760318518519,213.207437037037,91.723522832242
263,232.085611111111,221.1082,211.829974074074,88.3040392909297
264,252.642037037037,249.660811111111,245.315977777778,98.2636668617292
265,233.661751851852,234.000248148148,227.072,91.9976972775092
266,236.431551851852,237.5085,229.194196296296,93.379368184915
267,227.865096296296,232.796862962963,224.333814814815,91.1277485221683
268,236.044296296296,239.224655555556,218.502122222222,93.7223921029845
269,231.128981481482,233.808259259259,209.526407407407,91.6526952211725
270,233.577507407407,232.783248148148,213.280811111111,91.6659903616238
271,240.993555555556,242.719611111111,236.07897037037,95.227332976805
272,226.874996296296,232.635744444444,227.7664,91.1691422249301
273,224.129455555556,230.123711111111,219.557281481482,90.1308307244083
274,216.618640740741,231.883585185185,202.364651851852,90.1351997722445
275,241.479677777778,205.121166666667,195.675003703704,86.1027915269068
276,242.81227037037,235.762537037037,194.053281481481,93.1373238297419
277,231.970492592593,231.910992592593,217.665425925926,91.3202098638867
278,244.734581481481,245.248444444444,239.648692592593,96.3344784362117
279,241.263014814815,240.356188888889,238.881318518519,94.4601010310049
280,225.620166666667,214.703259259259,214.158807407407,86.2115262241103
281,240.906259259259,242.674366666667,221.759122222222,95.1228887184969
282,248.5747,242.486874074074,227.301066666667,95.7734108933915
283,223.747351851852,218.659118518519,190.168366666667,86.6567400056209
284,216.230988888889,202.983677777778,199.322748148148,81.6027652336587
285,234.399974074074,231.853577777778,226.2369,91.4922080282203
286,225.570633333333,211.376503703704,200.974655555556,85.0139916066532
287,232.806955555556,223.940555555556,218.412614814815,89.1570232627575
288,243.726974074074,208.497011111111,177.056444444444,86.871380520145
289,208.197966666667,194.403118518519,189.596359259259,78.3282158053769
290,240.033566666667,230.904607407407,213.06617037037,91.6226682053835
291,246.073059259259,241.529374074074,239.66687037037,95.4298438536324
292,246.005559259259,239.527840740741,231.734640740741,94.8471504368123
293,237.566888888889,228.382418518518,222.876903703704,90.8960741502959
294,238.324011111111,234.670525925926,224.783814814815,92.7288432389184
295,239.004677777778,235.214896296296,233.496577777778,92.7863471289775
296,227.07772962963,224.495862962963,211.274185185185,89.1963375841194
297,240.370292592593,234.992296296296,226.224144444444,93.4210283544749
298,216.774418518519,213.430107407407,212.563122222222,84.1105647695759
299,201.18262962963,197.734925925926,162.005540740741,78.9801529007958
300,238.003896296296,224.160344444444,207.635792592593,89.8027824085999
301,218.722792592593,191.507796296296,170.340588888889,78.9667634674375
302,247.920840740741,207.924792592593,173.305907407407,86.7873201168396
303,228.245851851852,221.621888888889,196.561248148148,88.2718531643358
304,243.904940740741,229.072385185185,192.886733333333,91.5309494917031
305,206.585207407407,213.726974074074,188.382233333333,83.9911125871849
306,234.096081481481,192.577996296296,157.746648148148,81.368647947205
307,243.524525925926,231.736444444444,217.999248148148,92.5352449623383
308,249.816566666667,222.548488888889,208.410192592593,91.0495712374521
309,239.528037037037,219.687762962963,199.263762962963,88.8266266200927
310,242.471503703704,215.496444444444,180.650911111111,87.9329207981551
311,208.8671,190.904392592593,185.59752962963,77.6007083180384
312,237.817114814815,229.681992592593,220.793374074074,91.6175524552492
313,243.020677777778,232.450648148148,229.041277777778,92.8178920793694
314,233.865662962963,212.069914814815,199.556859259259,86.9490936040947
315,234.732062962963,205.436585185185,188.322903703704,85.4045632348601
316,229.776314814815,226.610340740741,214.930022222222,89.6904268293727
317,217.140840740741,199.142059259259,168.9495,80.7438161783122
318,237.55152962963,224.783759259259,215.41777037037,89.951494160806
319,233.153577777778,211.589825925926,200.948622222222,86.2420795948603
320,241.674966666667,228.898551851852,208.403837037037,91.6206136603079
321,244.035311111111,236.397792592593,226.841944444444,93.8729687417065
322,221.623762962963,196.456659259259,165.997151851852,80.4744709883152
323,228.088137037037,220.723218518519,203.94212962963,87.6551203078336
324,210.538122222222,181.569266666667,166.688944444445,75.6089747837711
325,219.106851851852,207.999344444445,180.675533333333,83.6666590797847
326,231.977955555556,210.425733333333,187.739140740741,85.5526685064793
327,238.744462962963,227.05712962963,175.484018518519,90.1077003133596
328,219.765292592593,196.512414814815,184.031585185185,80.6278226744671
329,251.147081481481,209.536566666667,191.461725925926,88.423108234457
330,238.498125925926,234.545148148148,229.275044444444,92.70112798164
331,207.089233333333,190.472796296296,165.613433333333,76.7348488354964
332,219.616477777778,209.735259259259,178.231551851852,84.1598183217239
333,235.467907407407,238.388866666667,228.73257037037,93.4998264506999
334,233.865959259259,228.59447037037,210.783918518519,90.7795758039135
335,223.632237037037,232.05582962963,207.488859259259,90.6930398076
336,180.357381481482,181.934185185185,185.217703703704,71.8649508259053
337,230.767918518518,215.990459259259,204.099437037037,87.1862164715007
338,221.165081481481,207.295811111111,204.795507407407,83.4547069258856
339,242.204418518518,216.689951851852,205.899985185185,88.9151884063359
340,229.827418518519,217.80897037037,208.975240740741,88.9981035243481
341,243.643766666667,235.343803703704,207.559322222222,93.2247337420661
342,202.271148148148,204.320740740741,175.546944444444,80.4933850755549
343,237.573185185185,218.0677,200.734255555556,88.1603625230442
344,213.3786,188.994266666667,172.751907407407,77.5445579508733
345,220.265922222222,208.838985185185,194.713825925926,83.9638806985713
346,228.343103703704,197.327307407407,175.748781481482,81.7611692267872
347,226.202544444444,180.040314814815,170.284607407407,78.8641381886558
348,221.590448148148,199.02867037037,166.121214814815,81.1546245009553
349,226.262659259259,212.320874074074,201.95217037037,85.3613425164237
350,218.109681481481,183.950977777778,146.384692592593,76.7512552126433
351,231.964922222222,205.086592592593,182.388911111111,84.239670841025
352,241.615707407407,226.243751851852,210.74107037037,90.8130998577231
353,221.726211111111,171.561951851852,159.048618518519,75.6996475114278
354,208.062944444444,184.856207407407,173.836218518518,76.23663365389
355,223.183255555556,202.252092592593,177.950788888889,82.3646839358465
356,209.244085185185,213.698255555556,186.001381481482,84.071647471465
357,221.648362962963,206.562155555556,200.983548148148,83.3736450442827
358,249.352437037037,240.240362962963,221.415944444444,95.3005016033712
359,235.124337037037,234.318940740741,220.059733333333,92.2186949365955
360,203.668714814815,205.322677777778,167.156540740741,81.0070802436837
361,239.194337037037,196.791448148148,169.356607407407,83.5266805186802
362,206.639866666667,195.098877777778,175.54102962963,78.5548769389132
363,242.981414814815,230.048177777778,213.991896296296,92.053620768021
364,224.224622222222,230.670088888889,200.154666666667,90.2068281209316
365,251.802366666667,224.585788888889,190.601740740741,91.3031084610294
366,229.108548148148,207.484762962963,186.527814814815,84.2917225102041
367,211.109437037037,217.184096296296,208.729796296296,85.1562711425455
368,245.097592592593,243.841588888889,220.953122222222,95.7279765438071
369,222.308459259259,220.629822222222,219.28912962963,87.0405013521164
370,219.75152962963,220.928407407407,198.357281481481,87.1731590208756
371,251.071388888889,212.9891,185.572385185185,88.5315209741113
372,243.878866666667,227.843533333333,196.686544444444,91.1912696180672
373,246.58022962963,243.359962962963,234.293392592593,95.8794484376352
374,229.180462962963,210.759655555556,188.154422222222,85.2203981626229
375,231.285433333333,216.0187,196.0478,86.6818890950842
376,233.765155555555,204.008037037037,174.911155555556,83.9307357979752
377,239.679737037037,207.307562962963,170.026059259259,85.4289045115477
378,245.6192,237.550818518518,222.0697,94.3006000215836
379,245.378422222222,237.3909,194.78592962963,93.6945895276375
380,216.394555555556,214.203525925926,192.614544444444,84.6665693371176
381,251.941503703704,234.23952962963,191.668296296296,93.7557139795378
382,224.746866666667,217.657692592593,173.595055555556,86.3407238287345
383,228.460337037037,202.349562962963,171.075537037037,83.1169848276327
384,221.59467037037,205.768237037037,170.292388888889,82.8635757810096
385,245.082577777778,237.646314814815,222.607103703704,94.1983584582198
386,237.719740740741,229.815822222222,191.553751851852,91.1105814243121
387,227.632918518519,210.873792592593,202.3937,85.4496024654241
388,251.513644444444,251.240011111111,248.662714814815,98.6391975273053
389,236.718166666667,231.179922222222,208.921581481481,91.488704197286
390,244.547496296296,242.352418518518,242.791881481481,95.5316799133983
391,208.474548148148,200.291181481481,200.220840740741,80.0380943946944
392,251.009055555556,230.618544444444,198.181259259259,92.8893721493794
393,245.846081481481,235.4353,181.740533333333,93.1617357267294
394,230.083466666667,227.947159259259,183.958774074074,89.7493543649787
395,207.875462962963,220.707348148148,194.600777777778,86.0024624160039
396,247.924507407407,233.920281481482,212.072951851852,93.4308130539149
397,205.286366666667,197.069281481481,197.402355555556,78.5993264876999
398,227.902722222222,216.102292592593,218.140988888889,86.9063671793169
399,242.164122222222,236.682811111111,237.330162962963,93.7919778465167
400,229.885137037037,211.631592592593,195.687888888889,85.7095397136782
401,249.7563,237.292185185185,234.866381481482,95.1721114941771
402,242.732937037037,224.408088888889,208.565862962963,90.6455987675574
403,230.25037037037,201.999262962963,185.160559259259,83.5283443862784
404,240.598596296296,215.776155555556,187.599255555556,88.0836224965815
405,225.487281481482,228.002303703704,203.845462962963,89.412247278026
406,223.619848148148,217.093585185185,201.357018518519,86.2487942739306
407,195.021214814815,188.857881481481,188.417781481481,75.309441951068
408,230.645207407407,222.667955555556,206.490044444444,88.4546831598406
409,219.765203703704,214.266048148148,206.449322222222,85.4231098624903
410,234.31097037037,214.737685185185,193.043496296296,86.7058277357455
411,211.580766666667,201.367574074074,172.838374074074,81.0687338519204
412,242.19412962963,233.376559259259,215.4649,92.6748494076634
413,219.870248148148,208.538148148148,184.726692592593,83.664232196967
414,232.920707407407,229.204237037037,206.009507407407,90.6286402739787
415,250.976948148148,237.290459259259,168.683474074074,94.0601917302613
416,227.359877777778,204.405,182.503674074074,83.1930350061671
417,205.155022222222,227.402596296296,179.027196296296,87.7042780662287
418,243.272259259259,237.956851851852,227.336403703704,94.163407502437
419,243.592155555556,224.027522222222,209.668392592593,90.4600474574109
420,220.88892962963,161.62427037037,161.309348148148,73.2971179285664
421,235.056318518519,197.617114814815,196.365037037037,83.9829156058802
422,244.883433333333,225.257766666667,206.887925925926,90.8960028167139
423,231.982088888889,212.613714814815,188.355359259259,85.9808444890045
424,203.596696296296,216.749440740741,193.937025925926,84.6017109340772
425,232.791192592593,214.940514814815,198.185377777778,86.7681480080294
426,223.031248148148,199.428640740741,181.220877777778,81.5714867935356
427,245.42262962963,227.004585185185,206.62447037037,91.2790626478721
428,204.3434,208.816737037037,187.536203703704,81.9865551055707
429,244.330088888889,229.853285185185,184.999911111111,91.6252318012924
430,215.593651851852,222.744125925926,185.890007407407,87.1441795996282
431,230.700055555556,229.526433333333,218.11687037037,90.5695236156211
432,204.148025925926,212.431888888889,188.670314814815,83.17369390438
433,240.476533333333,216.10922962963,201.709562962963,88.1860300724583
434,237.630485185185,239.415551851852,232.272466666667,94.0705329676379
435,210.431696296296,216.182181481482,193.747059259259,84.771646077725
436,242.090233333333,230.336774074074,170.7118,91.3941355253888
437,227.362862962963,208.736588888889,193.066466666667,84.4324563076634
438,244.739322222222,223.224444444444,202.146422222222,90.2229200326282
439,250.754066666667,242.448981481481,224.900192592593,95.8984987561335
440,241.811451851852,219.400740740741,193.191566666667,88.7414841736945
441,195.492359259259,183.08457037037,171.820788888889,73.4197022188304
442,251.495488888889,214.690540740741,192.511748148148,89.5146460277655
443,240.5417,201.828692592593,173.333833333333,84.3138001088312
444,202.930114814815,207.96272962963,188.174996296296,81.8637708968637
445,249.848862962963,231.75077037037,169.403055555556,92.6246394330201
446,241.791362962963,214.010848148148,202.937925925926,88.5359002918207
447,212.686603703704,211.018374074074,167.308322222222,83.6644359031221
448,219.915374074074,211.722248148148,200.2025,85.3194021096066
449,229.53032962963,224.815233333333,211.779403703704,89.600796470944
450,230.039977777778,202.773103703704,181.145396296296,83.3313907465233
451,232.25152962963,199.246766666667,173.495596296296,82.9002255614986
452,236.400237037037,207.367988888889,195.907403703704,85.7519294250048
453,237.348340740741,206.510103703704,179.368751851852,85.3012234371558
454,219.902148148148,220.933455555556,200.841318518518,86.8994657418837
455,197.87807037037,210.763881481481,180.331414814815,82.0601513106863
456,245.849866666667,237.255348148148,220.3531,94.1471434261464
457,235.866196296296,213.29577037037,187.122566666667,86.4446724992511
458,242.648577777778,229.380874074074,183.049566666667,91.3744463221057
459,251.689855555556,242.902355555556,224.653437037037,96.1771856652263
460,237.957248148148,164.910133333333,143.014777777778,77.2415789034206
461,216.267459259259,210.025503703704,199.451151851852,84.0272777829898
462,242.881303703704,224.1234,217.997062962963,90.8794217034054
463,225.503992592593,202.423722222222,163.526196296296,82.7952656891642
464,218.83512962963,197.774214814815,167.656703703704,81.0128195356025
465,204.802055555556,193.160851851852,187.578444444444,77.4266963159567
466,222.330807407407,236.305674074074,172.409511111111,91.4102494158407
467,235.438548148148,183.369574074074,185.718259259259,81.3512880610282
468,189.863003703704,179.565566666667,177.450162962963,72.0184949087213
469,243.717551851852,232.71842962963,214.081474074074,92.6602306770898
470,222.446555555556,213.772659259259,210.057177777778,85.2138382721493
471,237.820407407407,225.39417037037,215.471785185185,90.1894780183427
472,231.892751851852,227.653685185185,221.137677777778,90.488641582546
473,225.898155555556,198.22077037037,157.017088888889,81.5358853649026
474,239.237377777778,219.415959259259,196.508911111111,88.5671805869862
475,247.170337037037,225.989062962963,195.605840740741,91.1318173022355
476,178.73822962963,179.480855555556,177.10182962963,70.8768440422672
477,223.237314814815,225.169562962963,212.872111111111,88.5711011674138
478,242.122040740741,241.192381481481,235.459988888889,94.9209361639204
479,236.361074074074,206.875696296296,182.656537037037,84.8814785943169
480,235.824840740741,211.983703703704,198.319703703704,86.6782610977186
481,228.953885185185,223.616744444445,209.732762962963,88.8348769395114
482,229.967992592593,215.740125925926,197.529507407407,87.0880977480374
483,223.797618518518,207.292855555556,198.715448148148,83.8984800515061
484,211.337140740741,193.628922222222,178.162685185185,78.8574514742895
485,221.14522962963,200.916974074074,187.894614814815,81.8941621824497
486,228.249133333333,213.26007037037,195.862514814815,85.8822072759568
487,223.586411111111,217.629103703704,198.619337037037,86.7670393718969
488,240.102651851852,228.914944444444,222.975966666667,91.6571881631475
489,230.767925925926,204.154307407407,191.285288888889,84.2515337369555
490,238.84767037037,229.513007407407,193.213766666667,91.1402526387761
491,246.126614814815,236.71137037037,228.555840740741,94.1386220567082
492,230.247018518519,212.301574074074,191.626448148148,85.7793895408355
493,214.18657037037,193.589940740741,182.915685185185,79.1519177689386
494,242.279511111111,229.845,217.972233333333,91.9067121220412
495,231.2935,207.667585185185,188.174859259259,84.6675846739075
496,244.259325925926,223.629277777778,217.411733333333,90.6651696281232
497,235.62327037037,212.055107407407,196.81682962963,86.3520299483248
498,238.902148148148,210.754192592593,192.474385185185,86.3306891991082
499,223.644125925926,218.803355555555,212.567340740741,86.541410695003
500,224.335777777778,210.903914814815,203.253496296296,84.6659905148019
501,222.844892592593,203.470518518518,188.602844444444,82.5866679755202
502,228.088985185185,216.029688888889,188.214248148148,86.8395959049774
503,241.178181481481,220.964318518518,182.183774074074,89.0012816823193
504,237.865848148148,215.573244444445,178.105,87.2884730192028
505,228.170044444444,209.178259259259,184.446788888889,84.4447611689983
506,179.659574074074,169.293444444444,160.883525925926,68.167893910257
507,233.177322222222,203.979048148148,156.710403703704,83.71745585937
508,183.246151851852,204.759714814815,177.769085185185,79.3314752749042
509,233.156288888889,230.746048148148,210.392462962963,91.1491032664226
510,216.084177777778,207.886733333333,199.991722222222,82.7690675199602
511,224.207688888889,218.813522222222,210.636292592593,86.636833104977
512,232.360025925926,221.404796296296,206.864848148148,88.4842439373028
513,197.361259259259,198.7587,189.025185185185,78.2021610409949
514,233.642314814815,232.986755555556,225.940751851852,92.1273455204387
515,246.682818518519,241.276377777778,211.615737037037,95.0565279277839
516,246.259725925926,224.502585185185,202.23197037037,91.2777445367266
517,246.386655555556,237.275566666667,210.835722222222,94.0421159117054
518,243.764974074074,235.473407407407,230.149396296296,93.650382188747
519,236.281544444444,236.0805,224.433962962963,93.0168103279321
520,241.509025925926,241.656559259259,206.112614814815,94.7379994354684
521,213.552314814815,208.950174074074,177.92487037037,83.3239550718891
522,211.285055555556,209.573311111111,184.721655555556,83.5975362603784
523,231.052318518518,216.852922222222,206.370418518518,86.9600676354575
524,248.078725925926,244.485581481481,238.675759259259,96.4309010095406
525,230.031614814815,199.476592592593,164.767181481481,82.2125177949819
526,213.546388888889,205.332551851852,178.504792592593,82.4585824050681
527,239.503748148148,231.566559259259,224.293185185185,92.0966450418393
528,230.325681481481,196.577111111111,178.462585185185,81.9074168992168
529,208.136585185185,199.001888888889,165.4134,80.1656991853932
530,226.327088888889,198.306133333333,186.79497037037,83.9268328636651
531,237.7677,180.011448148148,185.80487037037,81.3467790104662
532,239.080144444444,243.689548148148,246.449459259259,95.7466810612394
533,243.899425925926,223.493911111111,174.903544444444,89.8221687188591
534,241.210433333333,235.60722962963,202.995262962963,93.0056094216978
535,243.583762962963,217.425462962963,203.9945,88.8965746981151
536,250.844533333333,226.499959259259,215.104988888889,91.9742784542974
537,226.169014814815,197.545233333333,179.910792592593,81.5524451308476
538,235.354840740741,199.819311111111,183.592681481481,83.6304100527226
539,233.579448148148,215.357944444444,191.831003703704,86.9535953014794
540,223.916451851852,169.149040740741,168.88347037037,75.2320067783379
541,233.812844444444,223.655855555556,214.637522222222,89.3110700218061
542,221.90877037037,218.548407407407,205.845562962963,86.5844081671497
543,227.375385185185,233.356462962963,195.138307407407,91.2214039358897
544,250.596337037037,210.284177777778,204.014044444444,88.871205678037
545,254.098211111111,226.505422222222,206.901403703704,92.2939338942019
546,238.084477777778,194.214203703704,165.920355555556,82.1925019245678
547,245.712811111111,209.884796296296,186.342037037037,87.2561264349711
548,248.893596296296,200.777996296296,179.584162962963,85.3043279269093
549,248.646144444444,208.924014814815,169.531925925926,86.8601304737265
550,196.804374074074,204.14227037037,170.654014814815,80.1261497305133
551,232.550692592593,223.630081481482,191.2882,89.0396294236295
552,211.985662962963,193.860933333333,181.95027037037,78.7157118950046
553,233.132855555556,207.314462962963,194.290892592593,85.115536394113
554,218.795292592593,200.597207407407,189.157607407407,81.6058189182614
555,232.44067037037,208.196603703704,175.47767037037,85.0038924556775
556,239.141874074074,225.261618518519,210.837848148148,90.4180239939342
557,230.600685185185,222.170681481481,216.855614814815,88.6340468617069
558,228.833588888889,226.905788888889,218.695348148148,89.7065081676013
559,240.581651851852,219.021651851852,213.630103703704,89.2949391623534
560,247.228659259259,233.032048148148,209.309892592593,93.1718793018269
561,229.343018518519,202.05227037037,188.136077777778,83.5414458416733
562,231.3686,211.666466666667,195.852359259259,85.8536012487085
563,205.155837037037,178.38022962963,167.458940740741,74.1567809788937
564,230.5132,217.013485185185,203.650844444444,87.1287923166051
565,227.052777777778,214.313933333333,203.688577777778,86.1294672571021
566,235.618392592593,221.82207037037,213.100407407407,89.7954740275802
567,227.464122222222,202.702303703704,182.334788888889,83.7782457804324
568,229.324311111111,198.779666666667,188.4166,82.8602609684072
569,205.532733333333,206.045137037037,201.637944444444,80.7660968745433
570,244.850577777778,238.476562962963,217.089211111111,94.334897999314
571,223.317314814815,227.046733333333,217.644188888889,88.9961720442146
572,248.851837037037,240.044325925926,211.237592592593,95.0737900959607
573,250.657785185185,250.617837037037,249.822833333333,98.4501930508277
574,232.578266666667,229.897248148148,226.816085185185,90.6544908981868
575,249.537551851852,246.592625925926,244.11542962963,97.2309445427576
576,215.542562962963,204.809781481481,188.97567037037,81.904437427392
577,240.462262962963,233.254311111111,228.07077037037,92.6192492217653
578,248.775111111111,246.821166666667,244.210137037037,97.1385513102352
579,204.419448148148,189.435474074074,176.1164,76.5337219670536
580,190.556059259259,173.4194,152.437111111111,70.7563895447738
581,192.170711111111,186.012411111111,185.070559259259,74.7516172149984
582,232.307966666667,216.724218518519,193.406214814815,87.1657436003195
583,244.356462962963,238.901755555556,233.919359259259,94.490357406563
584,245.978688888889,240.330333333333,234.501274074074,95.0804449818161
585,217.541555555556,193.211337037037,149.88457037037,79.4941497391493
586,230.442318518519,212.812011111111,181.048874074074,85.8973986896159
587,241.763577777778,224.0218,207.078033333333,90.2799336400173
588,231.584985185185,225.934718518518,210.56007037037,89.5489692790308
589,219.851988888889,213.726240740741,199.269733333333,85.0596127029043
590,239.135618518519,230.589111111111,223.728692592593,91.7888659863336
591,218.117892592593,201.228922222222,166.431185185185,81.2377440575574
592,228.086218518519,223.751618518518,220.648992592593,88.7909629413884
593,231.420225925926,215.5187,207.935151851852,86.8337723841787
594,232.348388888889,221.839555555556,207.948022222222,88.59853480608
595,231.250455555556,228.632155555556,222.8535,90.3208620477456
596,244.515537037037,236.48217037037,226.743881481481,93.8414048808135
597,241.922692592593,236.2564,229.077596296296,93.5174744848626
598,213.544548148148,233.20947037037,233.428362962963,91.3871900972997
599,203.5441,191.540051851852,171.6257,77.2036495026975
600,242.150785185185,240.864062962963,236.356355555556,94.7099663748683
601,190.914388888889,173.659237037037,157.85537037037,71.3290143267063
602,240.490155555556,231.024292592593,215.3776,91.9647230424578
603,249.290392592593,244.413114814815,236.161322222222,96.4814376210219
604,219.513385185185,205.551318518519,182.426892592593,82.6540812080071
605,235.622911111111,197.743766666667,174.08347037037,83.1889615487458
606,249.319266666667,244.152633333333,238.628537037037,96.4650246726339
607,242.054862962963,230.911888888889,221.117211111111,92.0563513893766
608,233.745122222222,227.148114814815,218.562348148148,90.0542959522145
609,216.387088888889,198.45112962963,188.531492592593,80.5270871136209
610,216.111018518519,206.349807407407,193.768388888889,82.2720203275078
611,215.22332962963,201.1621,187.9892,81.1671528940477
612,192.45217037037,179.617207407407,154.70297037037,72.6886023062409
613,232.027837037037,228.617059259259,221.854425925926,90.7084270063481
614,230.059577777778,218.54267037037,204.319559259259,87.402097508752
615,237.533603703704,223.457125925926,200.04597037037,89.5589512460664
616,238.458740740741,231.443140740741,222.819344444444,91.8619404590334
617,231.2226,215.771366666667,198.54327037037,86.854121431374
618,245.180433333333,232.890644444444,222.4857,93.0553163708633
619,199.167788888889,185.133666666667,163.750177777778,75.0717085003264
620,223.085125925926,219.941188888889,208.768088888889,86.9084143304266
621,217.386851851852,206.94052962963,205.153918518519,82.8601643788651
622,243.980448148148,236.893318518519,228.419633333333,93.8955065700797
623,243.865011111111,238.443348148148,232.844296296296,94.2768099340493
624,250.640322222222,241.776337037037,237.977837037037,96.0023129732871
625,223.518785185185,201.766159259259,168.912007407407,82.1347023533207
626,241.078225925926,227.235603703704,215.10742962963,91.0463789166345
627,243.365755555556,240.112337037037,235.255203703704,94.7234937509433
628,234.23437037037,217.399388888889,198.289762962963,87.6041787819828
629,226.736174074074,216.697,200.05457037037,86.6958345544744
630,225.717555555556,217.228407407407,204.569385185185,86.4788048038019
631,208.020707407407,199.082040740741,187.011966666667,79.8349272696219
632,240.276955555556,231.948040740741,216.4753,92.1848076315875
633,230.873859259259,233.123385185185,230.54877037037,91.8810747448261
634,241.761666666667,231.617888888889,221.582462962963,92.2896189431892
635,215.930888888889,202.257051851852,185.533611111111,81.4373877124237
636,216.933974074074,205.847696296296,181.608044444444,82.6665963515434
637,244.504092592593,241.029644444444,237.898477777778,95.0101156620875
638,233.8908,225.284051851852,209.366862962963,89.5036907606769
639,183.471574074074,181.136048148148,178.827307407407,73.1155428069909
640,233.814240740741,219.539803703704,202.732511111111,88.2148852919802
641,216.6834,201.192703703704,185.3724,81.0621241908703
642,233.769981481482,220.557614814815,206.820474074074,88.3735003861336
643,219.717051851852,206.116044444444,181.091714814815,82.6339469907391
644,229.883274074074,208.174040740741,199.334844444444,84.9434392201186
645,238.576892592593,221.3619,200.069544444444,89.0802202925142
646,231.160633333333,215.589018518518,160.921525925926,86.4294689738232
647,217.493796296296,223.448707407407,207.036122222222,87.5080777405394
648,230.021492592593,230.075918518519,209.957614814815,90.5190678086456
649,229.044792592593,226.750574074074,210.093707407407,89.3517970762539
650,246.374237037037,229.717296296296,207.781633333333,92.058316647641
651,233.392437037037,212.938733333333,184.059074074074,86.3473359324691
652,224.010003703704,217.893603703704,199.855422222222,86.5456974235454
653,241.299277777778,234.372551851852,225.4116,93.0010711776877
654,241.892162962963,240.681266666667,232.106511111111,94.8469310938259
655,237.419114814815,225.603251851852,204.388422222222,90.1123049684263
656,225.44417037037,217.113092592593,199.226714814815,86.6793802264591
657,205.370877777778,209.377981481481,197.752507407407,82.3223878172602
658,241.605707407407,235.267918518518,229.629403703704,93.3356641979371
659,236.412681481482,227.168559259259,219.107233333333,90.8182655821051
660,202.012037037037,201.916588888889,172.291592592593,80.535568517849
661,217.891148148148,200.160007407407,190.764918518519,81.3938891674627
662,223.762285185185,217.093144444444,211.258051851852,85.9849782352197
663,209.192162962963,187.763366666667,175.505192592593,77.2170596357554
664,209.902444444444,191.790718518519,184.019911111111,78.0145576775601
665,227.663407407407,221.906114814815,218.622477777778,87.9561595312724
666,217.525725925926,195.000803703704,177.675944444444,79.9403548987345
667,239.264625925926,228.196403703704,225.867788888889,91.6088958193436
668,231.539781481481,222.54527037037,210.602011111111,88.5922077906032
669,231.943322222222,220.830355555556,209.984037037037,88.2519439547761
670,243.453385185185,240.078648148148,231.707618518519,94.7415267114575
671,188.499903703704,170.062148148148,161.934296296296,69.4350640555334
672,238.344151851852,234.932081481481,231.612477777778,92.7430834296709
673,234.529381481482,230.280959259259,229.458877777778,90.9815311414706
674,223.857544444444,215.460674074074,209.017477777778,85.8136187370115
675,219.343807407407,215.474518518519,214.835959259259,84.9235058678865
676,239.970455555556,235.403185185185,230.813122222222,92.9321183443923
677,246.8594,245.148233333333,241.818251851852,96.5368045073244
678,223.920833333333,213.572137037037,208.441585185185,85.4725218884044
679,248.422225925926,244.269837037037,233.253062962963,96.2770256384435
680,245.036233333333,236.496907407407,217.685740740741,93.7770893435328
681,235.37717037037,226.088874074074,216.097159259259,90.0210653617793
682,237.540685185185,230.537811111111,226.170418518519,91.5488780777724
683,239.563640740741,230.446396296296,223.94037037037,91.8702652162268
684,226.782544444444,220.221840740741,205.495388888889,87.6303529012274
685,242.081233333333,225.588540740741,211.755118518518,90.8925410256142
686,205.888796296296,195.929822222222,186.255807407407,78.6297297801972
687,229.710788888889,221.057240740741,208.271837037037,88.028344175201
688,244.477862962963,239.571633333333,234.08587037037,94.7083669343296
689,238.533040740741,233.969022222222,230.20947037037,92.3410741469896
690,227.2639,216.973537037037,207.346640740741,86.7209152056284
691,237.275303703704,230.346537037037,215.801288888889,91.2685291643858
692,234.437792592593,223.877488888889,216.446796296296,89.3227906320109
693,242.391977777778,218.668088888889,181.776566666667,88.7459311714363
694,244.204977777778,220.180925925926,207.136255555556,89.8749140870123
695,244.760092592593,221.403792592593,209.646874074074,90.3445145140851
696,228.182962962963,218.05397037037,210.842062962963,87.0144993445315
697,231.788618518519,222.668237037037,217.385074074074,88.814051954115
698,240.57767037037,237.316233333333,233.822666666667,93.6100447383109
699,238.783303703704,232.105511111111,218.790177777778,92.0006315011275
700,229.412285185185,221.406603703704,216.646885185185,88.2276774410249
701,234.716585185185,231.340259259259,223.412474074074,91.3670641853814
702,241.120496296296,239.948811111111,233.941785185185,94.3848704791458
703,232.079448148148,229.249222222222,229.394,90.4065078531695
704,243.822374074074,235.660888888889,229.917525925926,93.6778277458134
705,241.356985185185,236.496340740741,227.096581481481,93.4593968088972
706,240.100477777778,234.648459259259,233.207737037037,92.8774865468038
707,241.952337037037,237.698377777778,234.478107407407,93.904052089081
708,226.102748148148,224.678625925926,222.331918518519,88.8365363795079
709,250.94962962963,247.291777777778,242.316844444444,97.4558950981165
710,225.453451851852,210.766492592593,194.946296296296,84.8481239133751
711,227.766262962963,208.068348148148,188.969148148148,84.339162208985
712,235.664396296296,226.290825925926,207.748259259259,90.04252720801
713,240.68407037037,234.899788888889,231.508218518519,92.9339726625109
714,215.427333333333,199.925581481481,190.513955555556,80.7597899924779
715,239.936762962963,228.428666666667,216.574711111111,91.3170743182519
716,222.08362962963,216.258244444444,195.817337037037,85.7979157731921
717,238.57927037037,229.700762962963,218.823855555556,91.366583509631
718,218.935122222222,209.908755555556,197.808603703704,84.0416307027544
719,232.920651851852,212.606003703704,197.723862962963,86.3446915494925
720,225.877688888889,220.166185185185,209.591703703704,87.2782219697787
721,222.445814814815,214.342748148148,212.622574074074,85.2430923051185
722,234.543751851852,221.444411111111,216.290877777778,89.0645092475726
723,231.618981481482,218.325714814815,209.871440740741,87.6595836873885
724,221.264259259259,203.022859259259,188.975185185185,82.3634343092399
725,216.206640740741,204.751588888889,191.415737037037,82.4806859983779
726,232.820596296296,225.682655555556,222.445888888889,89.5262715480273
727,234.849788888889,227.328648148148,225.768459259259,90.4840182422027
728,235.624896296296,234.348118518519,227.045962962963,92.3042908897184
729,243.033907407407,240.485125925926,239.020725925926,94.6876034888348
730,213.420166666667,218.670703703704,204.717755555556,85.6781078516689
731,223.772848148148,220.956477777778,214.042377777778,87.1895621745289
732,231.338285185185,221.676833333333,213.718,88.6925823071652
733,222.7913,209.350325925926,202.356596296296,84.2110340590108
734,239.269662962963,233.980811111111,218.757092592593,92.574780087287
735,231.208725925926,227.981766666667,225.766492592593,90.1069670247116
736,238.130192592593,230.715577777778,224.674122222222,91.5702939962482
737,245.02772962963,243.433940740741,241.980722222222,95.6599361272904
738,244.577211111111,240.931218518518,240.1179,95.0516885723489
739,207.762722222222,193.916544444444,172.435174074074,78.8093276981973
740,225.730974074074,212.64917037037,201.684655555556,85.4050933276257
741,237.465674074074,230.472896296296,223.318311111111,91.5629666603086
742,211.283107407407,223.458985185185,203.546844444444,87.1976273919792
743,229.191177777778,229.037940740741,219.788962962963,90.2075299360751
744,233.995511111111,233.501348148148,232.328788888889,91.6622441461117
745,229.162640740741,228.368159259259,226.676111111111,89.69454888962
746,240.17187037037,244.37772962963,227.725962962963,95.6094343872981
747,253.413374074074,249.368592592593,226.570177777778,97.9741886311289
748,230.896951851852,237.970540740741,216.999259259259,92.9707598492022
749,234.168044444444,235.439988888889,220.592866666667,92.5350738110104
750,251.508811111111,245.233474074074,219.348581481481,96.7315773838576
751,247.2628,241.716555555556,227.8949,95.4903591382115
752,221.347448148148,218.789381481481,221.022259259259,86.2384294885288
753,228.419714814815,235.067988888889,223.366933333333,91.9641616695401
754,238.976422222222,232.88902962963,231.746544444444,92.3308854147108
755,244.325681481481,236.968962962963,236.006366666667,94.1922973422895
756,235.800614814815,235.603840740741,235.093692592593,92.4900129207865
757,231.01232962963,230.724122222222,229.921644444444,90.5665665337732
758,225.794822222222,224.9393,225.788177777778,88.4254027054569
759,235.062203703704,235.516437037037,232.419248148148,92.6783116558963
760,231.825085185185,232.366937037037,233.418381481481,91.2618051350488
761,224.5773,227.54057037037,228.307414814815,89.6084640739584
762,232.802651851852,231.613992592593,221.097537037037,91.3650504051364
763,253.141566666667,243.663114814815,237.915644444444,96.8272287019809
764,241.49102962963,227.053366666667,214.398911111111,91.1591326511233
765,254.079437037037,242.115351851852,233.624977777778,96.5559757590555
766,239.5228,234.906322222222,229.694911111111,92.9742372955896
767,237.689225925926,241.546085185185,221.283640740741,94.5500547228288
768,233.152874074074,236.522844444444,220.358,92.7249224945064
769,239.460633333333,243.45007037037,221.458344444444,95.2303694235113
770,248.661448148148,244.709277777778,237.789492592593,96.4949723141916
771,245.131066666667,242.704111111111,242.514225925926,95.5714909847482
772,244.788540740741,241.587474074074,241.59867037037,95.2892640306104
773,237.984762962963,232.061833333333,222.289733333333,92.2187984775252
774,238.367611111111,240.108381481482,224.387144444444,94.2190555304151
775,245.703548148148,236.778396296296,230.889959259259,94.2306116583898
776,242.141548148148,243.741122222222,235.478577777778,95.5946579782038
777,235.220662962963,242.025255555556,220.391862962963,94.5092708847607
778,239.489907407407,240.258488888889,221.476425925926,94.3508847212482
779,239.675862962963,241.622937037037,227.897292592593,94.7259032024872
780,250.11547037037,245.986933333333,226.109174074074,96.8940678199941
781,250.066155555555,239.715462962963,212.603977777778,95.1045261676394
782,233.086655555556,237.162681481482,221.785625925926,92.8995560744793
783,235.919618518518,232.404607407407,224.977418518519,91.730672128592
784,244.434014814815,240.39707037037,229.841144444444,94.8395383475591
785,243.365240740741,246.496166666667,235.70057037037,96.5438530454408
786,236.344185185185,226.188274074074,205.855211111111,90.1885200172304
787,241.008985185185,243.876048148148,227.538185185185,95.5460862398594
788,232.802003703704,237.549151851852,219.0405,92.9997762008105
789,241.089607407407,232.2841,225.7431,92.5214404790938
790,250.206881481481,222.932951851852,216.702959259259,91.6833797691854
791,251.361340740741,227.178374074074,220.705192592593,92.8090445338138
792,245.974688888889,242.632003703704,234.145392592593,95.7064280707134
793,213.004092592593,222.330285185185,211.870922222222,86.9579930591022
794,248.753359259259,248.48297037037,235.491777777778,97.4680890903307
795,242.64507037037,241.767740740741,224.699007407407,95.0230964259338
796,250.681062962963,240.831118518518,238.919237037037,96.0336364808702
797,233.930796296296,233.072777777778,231.841803703704,91.6333411213157
798,250.031177777778,245.269733333333,231.95692962963,96.7021886873306
799,242.532714814815,239.925722222222,231.511374074074,94.5450053560193
800,244.048259259259,233.113314814815,226.092511111111,93.0410630716816
801,249.702277777778,246.462188888889,243.988248148148,97.0957616600259
802,251.46017037037,249.508222222222,248.137177777778,98.1263003540123
803,245.362277777778,238.57207037037,229.993525925926,94.4601121439622
804,245.379322222222,239.922492592593,235.632885185185,94.9078877524869
805,237.938107407407,233.080288888889,232.790711111111,92.1782108253948
806,248.405585185185,246.704011111111,246.294511111111,97.0168924649197
807,251.668,246.903655555556,239.992540740741,97.4367562185412
808,250.864259259259,248.412981481481,245.796103703704,97.7629029096237
809,246.359762962963,237.794822222222,231.400403703704,94.4738199799964
810,239.428118518519,225.519537037037,214.490125925926,90.3954863417037
811,253.432981481482,247.734066666667,242.945185185185,97.8585838780379
812,249.987725925926,246.132077777778,240.387318518518,97.0504030298625
813,250.779781481482,248.865862962963,245.687414814815,97.879047922375
814,251.895948148148,246.370033333333,237.790022222222,97.2976952067656
815,244.517644444444,241.338377777778,240.188911111111,95.1218374651786
816,240.512555555556,237.559766666667,236.578540740741,93.5767425129104
817,254.599144444444,252.595496296296,246.98422962963,99.2572560287476
818,250.1027,233.00362962963,230.710548148148,94.1893766698647
819,251.129314814815,247.857288888889,245.173048148148,97.6582952712271
820,244.5431,237.463248148148,235.638988888889,94.2485073989751
821,244.402781481481,232.499281481481,226.225796296296,92.9491086102912
822,253.381333333333,249.374940740741,237.793266666667,98.1065300939066
823,253.195696296296,249.407911111111,238.247418518519,98.1254748280802
824,227.036055555556,223.120774074074,222.408274074074,88.0510291561689
825,228.49642962963,225.293092592593,224.696662962963,88.7619529476914
826,241.1149,238.913214814815,238.518255555556,94.0333836547894
827,250.874918518519,236.92917037037,234.039388888889,95.0954692796035
828,244.757451851852,218.972455555556,212.332688888889,89.8074285674432
829,247.17737037037,229.914437037037,224.185781481481,93.0090030151901
830,251.289837037037,243.8875,241.903044444444,96.817957887543
831,251.620448148148,249.052151851852,245.515507407407,98.0450885902641
832,248.117740740741,244.064085185185,237.167666666667,96.3118485336816
833,230.932477777778,229.473785185185,225.891437037037,90.232950930686
834,239.408862962963,238.528666666667,238.316548148148,93.7051882318275
835,244.643337037037,242.662055555556,237.0292,95.4627621340884
836,250.134040740741,248.852022222222,243.706333333333,97.8126302983929
837,251.294285185185,247.752048148148,242.61637037037,97.6245130183898
838,246.245281481481,240.115459259259,234.036377777778,95.0371083242323
839,239.752788888889,229.956355555556,219.967307407407,91.579386729435
840,248.972859259259,244.119103703704,238.1153,96.4013392227927
841,245.706444444444,235.293574074074,227.707581481481,93.7587118900554
842,253.169777777778,251.980892592593,251.749925925926,99.0081130889832
843,251.193418518518,249.866155555556,249.077688888889,98.2103980423744
844,247.153607407407,235.564937037037,235.301218518519,94.3917602041332
845,246.433074074074,246.299588888889,239.2591,96.7621444713591
846,230.417455555556,232.067448148148,222.036396296296,91.136297099583
847,219.499888888889,221.392603703704,209.941985185185,86.9113586476582
848,252.846685185185,250.343125925926,248.514096296296,98.5237069156242
849,240.929388888889,232.702837037037,224.666951851852,92.4058745352473
850,250.501488888889,246.605855555556,249.314618518519,97.4255231547845
851,252.0724,241.491351851852,233.797581481481,96.1568090542946
852,248.385622222222,241.890355555556,234.078640740741,95.7303104263148
853,251.077351851852,248.687681481481,245.901592592593,97.8625287611558
854,254.717955555556,254.205277777778,254.164018518519,99.7727076288497
855,250.569440740741,248.120444444444,245.641940740741,97.6633415153456
856,247.18907037037,245.040996296296,239.951448148148,96.4518120874415
857,249.199637037037,247.357603703704,245.002411111111,97.3517753217895
858,235.584811111111,235.3255,235.054203703704,92.3342899453733
859,229.804637037037,221.678359259259,217.964692592593,88.1126227400176
860,251.487751851852,246.978503703704,240.498988888889,97.4290849412217
861,251.923933333333,246.787792592593,237.493881481481,97.3541615244676
862,250.379703703704,246.488011111111,236.917040740741,97.1215089017199
863,249.2026,246.17517037037,244.30622962963,96.9816222718216
864,237.197962962963,232.338892592593,230.442981481481,91.8048961175379
865,254.441562962963,249.595203703704,239.71972962963,98.4136163566627
866,252.210811111111,236.632844444444,233.098696296296,95.3289690151756
867,250.354759259259,241.283055555556,211.378981481481,95.5255331113851
868,252.933977777778,250.856003703704,249.842607407407,98.6808878595367
869,244.739711111111,239.699911111111,234.094748148148,94.7236770984651
870,253.372818518519,250.334511111111,250.519677777778,98.6641473168368
871,250.270251851852,248.442518518519,245.944633333333,97.7821968206609
872,253.348348148148,253.505603703704,251.628351851852,99.4212733820592
873,248.320040740741,248.851044444444,242.783107407407,97.6206608506009
874,240.409655555556,237.287207407407,235.914988888889,93.5287298522443
875,211.8614,216.024096296296,185.511437037037,84.6995970755472
876,253.587122222222,251.948518518519,247.337814814815,98.9632730851377
877,231.009685185185,223.816162962963,221.660585185185,88.7853338759413
878,225.430511111111,219.440981481481,219.390874074074,87.245345857761
879,215.692588888889,212.67927037037,212.560203703704,83.8129838367605
880,247.5216,236.978125925926,231.447088888889,94.592689645146
881,225.762725925926,215.3173,215.583851851852,86.0938581738607
882,239.5545,232.876325925926,227.387581481481,92.3780186943195
883,233.111537037037,223.542851851852,220.192477777778,89.2400601987799
884,224.090025925926,215.354855555556,202.4199,85.8103978917751
885,239.027733333333,237.248003703704,234.605485185185,93.6697729603351
886,239.441033333333,224.465377777778,212.260633333333,90.4002295908379
887,235.109388888889,227.931107407407,219.883814814815,90.5602733784461
888,249.547251851852,240.981937037037,232.078425925926,95.6352241965794
889,243.943833333333,243.146911111111,241.179433333333,95.8214616108801
890,240.081007407407,236.12587037037,232.689677777778,93.3335032195617
891,249.871159259259,242.434514814815,232.268933333333,95.9834096116015
892,229.760074074074,220.998655555556,213.322562962963,88.0368545328856
893,240.2095,232.93822962963,230.540003703704,92.5632609222461
894,251.265537037037,245.952825925926,240.652092592593,97.1330751382278
895,248.068511111111,245.880588888889,237.681059259259,96.7728176786597
896,248.095785185185,238.047,228.784455555556,94.7694994022718
